FirstName,LastName,Age,Weight,Gender
Jack,Lopez,61,173,Female
Leah,Brown,70,121,Male
Lucas,Young,40,127,Female
Julian,Cook,20,142,Female
Caden,Ramirez,58,103,Male
Addison,Wright,57,229,Male
Lila,Bell,23,194,Male
Nathan,Roberts,65,114,Male
Harper,Taylor,19,143,Female
David,Edwards,29,162,Female
Noah,Perez,61,235,Male
Victoria,Cooper,47,175,Male
Charlotte,Cooper,32,124,Female
Ethan,Flores,49,172,Female
Sebastian,Allen,66,133,Male
Owen,Cooper,49,178,Female
Aurora,Miller,24,250,Female
Brooklyn,Carter,24,195,Female
Wyatt,Roberts,61,155,Female
Carter,Flores,19,126,Male
Aiden,Roberts,32,122,Male
Mia,Davis,64,143,Female
Aria,Stewart,19,184,Female
Eleanor,Lopez,27,170,Male
Camila,Morgan,37,240,Male
Henry,Collins,19,181,Female
Benjamin,Roberts,48,229,Male
Nicholas,Murphy,37,102,Male
Luke,Moore,69,190,Male
Julian,Cooper,35,216,Female
Ellie,Mitchell,25,149,Female
Owen,Rodriguez,43,166,Female
Logan,Smith,29,114,Female
Evelyn,Thompson,38,118,Male
Evelyn,Johnson,67,188,Male
Grace,Morris,58,109,Male
Ava,Davis,60,196,Male
Michael,Bailey,27,189,Female
Aubrey,Green,32,185,Female
Leah,Peterson,63,237,Male
Ryan,Mitchell,43,127,Female
William,Anderson,56,212,Male
Caden,Peterson,18,101,Female
Zoey,Davis,22,149,Male
Victoria,Martin,70,221,Male
Penelope,Green,24,192,Male
Luke,Howard,68,128,Female
Hannah,Gomez,57,174,Female
Evelyn,Ramirez,43,127,Male
Sebastian,Rogers,23,231,Male
Addison,Sanchez,60,197,Male
Ava,Jackson,62,181,Female
Ava,Roberts,40,200,Female
Michael,Garcia,67,136,Male
Sophia,Robinson,34,182,Female
Lily,Thompson,27,188,Male
Oliver,Cook,29,161,Female
Riley,Martin,68,102,Male
Aurora,King,63,242,Male
Alexander,Martinez,21,250,Male
Penelope,Baker,61,141,Male
Abigail,Brown,61,118,Female
Aiden,Allen,61,134,Male
Sebastian,Bell,34,124,Male
Eli,Morgan,51,183,Male
Cameron,Ramirez,68,174,Male
Aiden,White,61,108,Male
Victoria,Johnson,54,194,Male
Abigail,Parker,62,193,Female
Isaac,Edwards,56,110,Male
Madison,Lewis,44,230,Female
Harper,Reed,36,205,Male
Levi,Bell,28,207,Male
Ellie,Jackson,23,134,Male
Zoey,Howard,28,250,Male
Michael,Smith,25,100,Male
Bella,Perez,36,203,Male
Mia,Reed,32,125,Female
Nicholas,Bell,59,149,Female
Michael,Flores,39,169,Male
Bella,Gonzalez,45,128,Male
William,Rivera,39,127,Male
Nicholas,Reed,68,179,Male
Michael,Morgan,29,113,Male
Audrey,Taylor,41,137,Female
Hannah,Turner,27,103,Female
Grayson,Miller,60,224,Male
Connor,Gomez,65,215,Male
Chloe,Turner,57,222,Female
Addison,Jones,58,174,Male
Logan,Flores,30,188,Female
Victoria,White,38,133,Male
Penelope,Phillips,63,245,Male
Audrey,Thompson,25,241,Female
Chloe,Garcia,43,160,Male
Dylan,Thompson,52,159,Male
Ethan,Williams,67,189,Male
Leah,Morris,43,121,Male
Julian,White,58,125,Female
Connor,Bell,46,130,Male
Lucas,Roberts,68,132,Female
Alexander,Gonzalez,23,146,Male
Skylar,Nguyen,65,197,Male
Leah,Bailey,44,104,Female
Henry,Walker,19,209,Female
Natalie,Rivera,54,240,Female
Cameron,Bailey,69,195,Male
Natalie,Moore,60,151,Male
Brooklyn,Roberts,67,140,Male
Layla,Lopez,67,202,Female
David,Cooper,45,200,Female
Caden,Torres,34,201,Male
Caleb,Thompson,34,250,Male
Claire,White,60,241,Female
Cameron,Perez,46,239,Male
Eli,Collins,63,224,Female
Mia,Rivera,33,208,Female
Henry,Torres,52,184,Male
Jayden,Jackson,30,157,Male
Grace,Clark,68,249,Female
Charlotte,Baker,31,123,Female
Sophia,Clark,68,216,Male
Skylar,Bell,49,129,Female
Liam,Turner,21,160,Male
Harper,Moore,23,123,Male
Dylan,Reed,23,195,Female
Nicholas,Parker,23,111,Male
Jack,Evans,22,245,Female
Grayson,Allen,55,111,Male
Savannah,Allen,27,195,Male
Violet,Garcia,44,239,Female
Violet,Nelson,57,184,Female
Savannah,Campbell,21,234,Female
Julian,Thompson,44,211,Male
Violet,Roberts,34,101,Male
Caleb,Torres,58,143,Male
Matthew,Moore,57,105,Female
Camila,Turner,24,133,Female
Stella,Martin,66,172,Male
Jayden,Edwards,52,166,Male
Hazel,Miller,25,106,Female
Nathan,Brown,29,199,Male
Lucas,Evans,52,109,Male
Eli,Collins,56,212,Male
Lily,Garcia,55,112,Male
Eleanor,Smith,19,186,Female
Sebastian,Baker,18,177,Female
Addison,White,42,239,Female
Stella,Morris,70,130,Female
Natalie,Garcia,43,156,Male
Dylan,Gomez,66,204,Female
Mia,Evans,65,180,Female
Nicholas,Torres,24,143,Female
Jack,Bailey,50,109,Female
Mia,Morris,64,143,Male
Levi,Williams,35,107,Female
Mia,Smith,27,128,Male
Jacob,Sanchez,44,215,Female
Savannah,Gonzalez,56,164,Male
Nathan,Robinson,64,134,Male
Noah,Green,32,100,Female
William,Perez,45,162,Female
Benjamin,Howard,60,217,Female
William,Parker,43,210,Female
Abigail,Edwards,48,250,Female
Caleb,Anderson,27,129,Male
Isaac,Nguyen,68,241,Female
Eli,Rivera,57,150,Female
Caden,Scott,51,114,Female
Amelia,Taylor,45,114,Female
Natalie,Miller,69,140,Male
Lucas,Wilson,62,134,Male
Ava,Lee,48,111,Male
Violet,Nelson,30,230,Male
Landon,Evans,27,165,Female
Isaiah,Martin,38,118,Female
Aubrey,Taylor,31,250,Male
Nathan,Cook,38,225,Male
Aubrey,Edwards,36,163,Female
Aiden,Lee,31,229,Female
Aurora,Turner,62,160,Female
Ryan,Thompson,38,213,Male
Chloe,Roberts,32,128,Male
James,Mitchell,64,221,Female
Lillian,Sanchez,47,166,Male
Bella,Johnson,59,191,Male
Abigail,Flores,20,140,Male
Jayden,Morris,37,187,Female
Natalie,Lewis,48,100,Female
Aiden,Gonzalez,28,236,Male
Hannah,Martinez,23,232,Male
Daniel,Wright,48,142,Female
Muhammad,Moore,22,128,Female
Penelope,Mitchell,65,158,Male
Muhammad,Collins,44,111,Female
Muhammad,Allen,66,167,Male
Michael,Williams,24,248,Female
Lily,Hall,58,221,Female
Bella,Rodriguez,61,135,Male
William,Allen,29,112,Female
Nicholas,Adams,54,165,Female
Violet,Martinez,41,220,Female
Lillian,Taylor,49,199,Male
Lily,Martin,38,233,Male
Lily,Anderson,65,209,Male
Madison,Kelly,61,215,Female
Aubrey,Brown,47,249,Female
Jayce,Green,57,173,Male
Avery,Parker,52,228,Male
Violet,Stewart,27,103,Male
Savannah,Wilson,37,130,Female
James,Wilson,20,169,Male
Benjamin,Garcia,51,158,Male
Madison,Scott,60,127,Female
Eleanor,Murphy,43,244,Female
Isaac,Ramirez,48,219,Female
Dylan,White,35,172,Male
William,Torres,56,212,Male
Sebastian,Rivera,25,122,Male
Owen,Turner,54,201,Female
James,Thomas,21,113,Female
William,Lopez,51,141,Male
Stella,Turner,21,125,Female
Liam,Roberts,49,173,Female
Nora,Nguyen,70,168,Female
Ethan,Smith,42,200,Female
Ryan,Roberts,65,232,Male
Lila,Parker,25,122,Female
Mason,Morris,40,170,Female
Connor,Howard,28,212,Male
Ethan,Cook,47,120,Male
Dylan,Evans,59,227,Female
Aurora,Anderson,28,143,Male
Wyatt,Gomez,47,176,Female
Logan,White,48,112,Female
Michael,Roberts,27,124,Male
Isaiah,Walker,29,244,Male
Ava,Turner,55,113,Female
Logan,Davis,50,208,Female
Owen,Sanchez,31,201,Male
James,Jones,48,149,Female
Alexander,Walker,28,197,Female
Luke,Taylor,28,150,Female
Carter,Nguyen,46,102,Male
Ethan,Campbell,19,135,Male
Nicholas,Baker,58,116,Male
Aiden,Allen,42,155,Male
Sophia,Peterson,30,192,Female
Natalie,Bell,37,247,Male
Mason,Cook,70,241,Male
David,Adams,52,126,Female
Connor,Miller,68,181,Female
Isaac,Flores,54,173,Female
Lillian,Lopez,51,105,Male
Jack,Gonzalez,43,187,Female
Elijah,Torres,52,125,Female
Dylan,Jones,38,167,Female
Ava,Clark,66,115,Male
Landon,Stewart,68,174,Female
Nicholas,Miller,55,208,Female
Eleanor,Lopez,66,231,Male
Emily,Jackson,50,103,Female
Riley,Hall,31,126,Female
Scarlett,Garcia,50,191,Male
Matthew,Parker,52,191,Female
Madison,Taylor,65,125,Female
Muhammad,Cook,49,200,Male
Abigail,Murphy,42,163,Male
Luke,Davis,40,207,Male
Leah,Cook,34,111,Female
Claire,Brown,36,208,Female
Isaac,Taylor,24,137,Female
Brooklyn,Clark,19,141,Male
Wyatt,Harris,23,212,Female
Amelia,Baker,65,228,Male
Lily,Roberts,59,220,Male
Lucas,Nguyen,30,230,Male
Aurora,Jackson,23,130,Female
Aubrey,Murphy,37,133,Male
Levi,Robinson,70,109,Male
Owen,Cooper,61,167,Female
Layla,Gonzalez,59,114,Male
Lila,Phillips,50,159,Male
Ryan,Cooper,47,249,Male
Muhammad,Robinson,66,138,Female
Carter,Johnson,41,186,Female
Landon,Collins,46,151,Female
Aubrey,Williams,52,215,Male
Cameron,Young,64,171,Male
Muhammad,Morris,41,168,Male
Michael,Morgan,54,122,Female
William,Anderson,25,213,Female
Dylan,Martin,58,100,Female
Landon,Carter,20,183,Female
Caden,Murphy,43,220,Male
Evelyn,Morgan,46,106,Male
Carter,Hill,35,204,Male
Madison,Young,46,104,Female
Eleanor,Hernandez,33,221,Female
Noah,Harris,34,171,Male
Carter,Moore,58,234,Male
David,Wright,65,226,Female
Ethan,Rodriguez,22,119,Female
Aurora,Adams,31,169,Male
Layla,White,70,201,Male
Leah,Johnson,25,104,Male
Penelope,White,33,139,Male
Savannah,Ramirez,55,210,Female
Dylan,Johnson,57,161,Female
Leah,Martinez,52,108,Male
Skylar,Cook,63,206,Female
Riley,Walker,37,166,Male
Jack,Lewis,23,102,Female
Stella,Bell,47,162,Male
Evelyn,Wilson,48,226,Female
Isaac,Bell,34,167,Male
Caleb,Lewis,58,193,Male
Layla,Cooper,58,232,Male
Hazel,Peterson,32,151,Female
Ethan,Campbell,20,188,Male
Abigail,Bell,36,216,Female
Nora,Adams,31,170,Male
Muhammad,Reed,41,171,Male
Hazel,Scott,65,175,Female
Nora,Flores,19,234,Male
Madison,Hill,70,151,Female
Cameron,Garcia,51,235,Female
Lucas,Martinez,42,224,Female
Jayden,King,39,195,Female
Riley,Ramirez,47,199,Female
Leah,Kelly,28,143,Male
Luke,Harris,67,222,Female
Chloe,Johnson,34,228,Male
Connor,Reed,64,140,Male
Muhammad,Davis,45,215,Female
Isaiah,Morgan,70,243,Female
Logan,Clark,53,231,Male
Aria,Evans,25,163,Male
Ethan,Rivera,69,134,Female
Addison,Morgan,62,111,Male
Zoey,Bell,61,165,Male
Ava,Parker,25,150,Male
Owen,Lopez,49,175,Female
Levi,Hernandez,35,152,Male
Stella,Thompson,40,177,Female
Dylan,Campbell,70,119,Female
Jack,Wilson,54,201,Female
Avery,Stewart,39,120,Female
James,Wilson,32,212,Female
Liam,Garcia,35,177,Male
Henry,Cooper,50,247,Female
Hazel,Howard,44,151,Male
Logan,Bell,38,156,Female
Julian,Clark,21,141,Female
Audrey,Morgan,49,196,Male
Violet,Gomez,57,201,Male
Scarlett,Cook,45,122,Female
Eleanor,Martin,66,158,Female
Savannah,Martinez,51,165,Female
Lily,Walker,35,121,Female
Caleb,Wright,51,227,Female
Levi,Morris,31,187,Female
Ava,Thompson,29,138,Female
Elijah,Young,55,117,Female
Noah,Garcia,59,203,Female
Leah,Lewis,34,216,Male
Grayson,Peterson,34,242,Male
Abigail,Lewis,56,123,Female
Michael,Cook,59,192,Male
Ethan,Stewart,52,169,Male
Elijah,Gomez,47,107,Female
Natalie,Miller,60,134,Male
Hannah,Thomas,24,134,Female
Luke,Nelson,61,220,Male
Claire,Lopez,18,153,Female
Abigail,White,53,174,Male
Carter,Thompson,65,209,Male
Skylar,Harris,69,186,Female
Bella,Phillips,20,176,Male
Victoria,Martinez,26,124,Female
Dylan,Phillips,55,154,Female
Jack,Howard,67,141,Male
Audrey,Johnson,64,153,Female
Madison,Carter,63,240,Male
Skylar,Gonzalez,32,170,Male
Nora,Thompson,48,134,Male
Sophia,Kelly,44,145,Female
Stella,Parker,36,176,Male
Grayson,Phillips,31,159,Female
Logan,Adams,70,123,Female
Skylar,Baker,50,231,Male
Leah,Anderson,36,136,Female
James,Cooper,20,138,Female
Ellie,Jackson,59,200,Male
Eleanor,Brown,36,188,Female
Aria,Campbell,42,125,Female
Henry,Harris,70,236,Male
William,Anderson,56,242,Female
Owen,King,32,135,Female
Luke,Torres,30,211,Male
Charlotte,Jones,38,127,Female
Victoria,Gomez,30,107,Male
Penelope,Harris,40,196,Female
Noah,Lewis,31,187,Female
Ellie,Edwards,34,111,Male
Grace,Sanchez,52,146,Male
Aiden,Scott,20,117,Female
Ava,Cooper,56,120,Male
Cameron,Cook,30,122,Female
Daniel,White,36,104,Female
Lily,Murphy,69,119,Female
Sophia,Wright,62,100,Female
Lillian,Bailey,46,246,Female
Jack,Scott,44,213,Female
Luke,Morgan,26,168,Female
William,Hernandez,27,157,Male
Noah,Miller,45,208,Female
Eli,Walker,32,250,Female
Connor,Carter,65,247,Female
Lila,Johnson,61,233,Female
Eleanor,Howard,70,207,Male
Caleb,Ramirez,41,120,Male
Audrey,Sanchez,32,201,Male
Daniel,Cook,57,168,Male
Luke,Roberts,48,200,Male
Evelyn,Howard,64,110,Female
Scarlett,Robinson,37,240,Male
Benjamin,Rivera,47,115,Male
Isaac,Taylor,29,140,Male
Zoey,Ramirez,18,191,Female
Addison,Thomas,19,157,Male
Caleb,Flores,28,149,Male
Lily,Mitchell,50,214,Female
Aiden,Walker,30,209,Male
Abigail,White,40,247,Female
Eleanor,Mitchell,35,184,Male
Riley,Young,35,148,Female
Violet,Turner,45,129,Male
Hannah,Morris,49,241,Female
Elijah,Flores,69,168,Male
Henry,Reed,65,235,Male
Ellie,Morris,53,162,Female
Nicholas,Jackson,33,120,Female
Muhammad,Lee,26,191,Male
Zoey,Smith,21,178,Male
Lucas,Baker,42,135,Male
Gabriel,King,64,113,Female
Carter,Flores,69,181,Male
Isaiah,King,53,194,Female
Jacob,Green,24,218,Female
Zoey,Davis,22,246,Female
Emily,Lee,48,138,Female
Nora,Parker,40,243,Female
Connor,Roberts,56,188,Female
Victoria,Parker,56,218,Female
Caleb,Baker,18,134,Female
Jack,Bailey,64,234,Female
Aurora,Hill,58,119,Female
Layla,Nguyen,37,240,Female
Logan,Johnson,55,137,Female
Chloe,Roberts,52,158,Female
Jack,Wright,21,189,Female
Logan,Reed,35,145,Female
Leah,Nguyen,62,149,Female
Bella,Allen,37,185,Female
Matthew,Bailey,18,108,Female
Aria,Peterson,35,131,Female
Lila,Martin,69,243,Female
Brooklyn,Hill,41,187,Female
Lillian,Davis,44,250,Female
Emily,Smith,53,188,Male
Eli,Davis,46,212,Male
Eleanor,Cook,44,104,Female
Hannah,Harris,25,165,Male
Lily,Davis,28,155,Male
Amelia,Clark,60,123,Female
William,Rodriguez,64,227,Female
Logan,Nguyen,37,177,Male
Victoria,Brown,29,134,Male
Victoria,Flores,33,117,Female
Logan,Green,35,113,Female
Leah,Lewis,35,201,Female
Evelyn,Bell,43,143,Male
Bella,Perez,22,196,Female
Carter,Davis,40,142,Male
Layla,Cooper,44,108,Male
Addison,Walker,58,156,Female
Eli,Adams,34,187,Male
Grace,Rivera,43,194,Male
Caden,Thompson,18,143,Female
Layla,Flores,47,160,Female
Landon,Scott,57,206,Female
Ellie,Young,22,238,Male
Julian,Hall,51,207,Female
Leah,Bell,26,119,Male
Madison,White,62,246,Female
Noah,Turner,62,105,Female
Luke,Torres,53,112,Male
Emily,Thompson,52,146,Male
Jack,Robinson,47,125,Male
Zoey,Baker,37,245,Female
Grayson,White,43,127,Male
Eli,Rivera,52,190,Male
Nicholas,Lee,35,119,Male
Cameron,Nguyen,66,161,Male
Logan,Sanchez,34,212,Female
Skylar,Campbell,29,103,Female
Matthew,Robinson,28,236,Male
Nathan,Flores,22,236,Female
Ryan,Roberts,69,247,Male
Benjamin,Gomez,62,128,Female
Noah,Anderson,40,177,Male
Charlotte,Campbell,68,135,Male
Layla,Morgan,66,223,Male
Wyatt,Moore,18,103,Male
Ethan,Brown,56,129,Male
William,Jackson,58,173,Female
Carter,Torres,43,172,Female
Audrey,Hall,44,189,Female
Jack,Rivera,18,205,Male
Isaac,Baker,26,242,Male
Chloe,Parker,58,117,Female
Violet,Nelson,66,124,Female
Lillian,Nelson,37,129,Female
Skylar,Brown,30,177,Male
Bella,Hill,34,168,Female
Nathan,Young,70,149,Female
Riley,Thomas,26,169,Male
Addison,Anderson,42,151,Male
Victoria,Baker,28,231,Male
Madison,White,25,138,Male
Nora,Young,61,147,Male
Mason,Roberts,65,125,Female
Isaiah,Kelly,38,202,Female
Sophia,Lopez,38,230,Female
Daniel,Bailey,39,164,Female
Scarlett,Wilson,21,185,Female
Madison,Clark,52,195,Male
Liam,Harris,61,200,Male
Nicholas,Smith,62,224,Female
Grayson,Gomez,37,129,Male
Harper,Carter,40,193,Female
Sebastian,Martinez,42,156,Female
Alexander,Martinez,67,166,Female
Skylar,Gomez,65,136,Female
Victoria,Davis,52,148,Male
Jayce,Bailey,21,241,Female
Claire,Flores,66,105,Male
Riley,Lewis,57,124,Female
Carter,Baker,44,249,Male
Benjamin,Bell,70,208,Female
Violet,Brown,20,115,Female
Grayson,Rivera,54,249,Female
Julian,Mitchell,25,109,Female
Lucas,Edwards,70,148,Male
Connor,Young,35,154,Male
Layla,Scott,69,153,Female
Brooklyn,Allen,64,126,Male
Benjamin,Thomas,45,195,Female
Grace,Stewart,18,131,Male
Aubrey,Robinson,35,244,Female
Harper,Carter,27,226,Female
Penelope,Davis,55,131,Male
Owen,Jackson,29,231,Male
Nora,Murphy,48,227,Male
Sophia,Gomez,64,230,Female
Avery,Roberts,59,141,Female
Isabella,Allen,19,215,Female
Scarlett,Lee,33,210,Male
Daniel,Williams,53,134,Male
Benjamin,Torres,65,230,Male
Emily,Hernandez,31,154,Female
Natalie,Wilson,59,240,Male
Riley,Turner,42,229,Male
Caleb,Martinez,28,231,Male
Brooklyn,Sanchez,69,158,Female
Jack,Roberts,28,100,Female
Evelyn,King,58,177,Female
Grayson,Hall,56,187,Male
Harper,Carter,35,133,Male
Alexander,Jones,52,235,Male
Claire,Gonzalez,23,186,Female
Natalie,Rivera,41,175,Female
Nicholas,Collins,69,226,Female
Bella,Rodriguez,70,191,Male
Audrey,Smith,24,178,Male
Zoe,Howard,34,217,Male
Eli,Evans,49,126,Male
Aubrey,Roberts,61,113,Female
Cameron,Wright,57,250,Male
Isabella,Mitchell,41,210,Female
Audrey,Murphy,29,134,Male
Ava,White,22,230,Female
Oliver,Jackson,63,181,Female
Jack,Johnson,26,215,Female
Gabriel,Robinson,22,157,Female
Claire,Jackson,51,200,Female
Violet,Phillips,54,188,Female
Grace,Kelly,57,172,Male
Penelope,Jones,53,161,Female
Jacob,Miller,62,143,Male
Madison,Davis,35,183,Female
Caleb,Taylor,57,105,Female
Liam,Thomas,63,211,Male
Emily,Phillips,37,149,Male
Jack,Lee,18,149,Female
Brooklyn,Rivera,53,247,Female
Hannah,Roberts,23,165,Male
Aria,Rogers,23,220,Female
Jayden,Morgan,27,220,Female
Sophia,Walker,18,163,Female
Cameron,Flores,40,229,Female
Layla,Parker,58,150,Female
David,Kelly,39,226,Male
Aiden,Lee,67,190,Male
Skylar,Robinson,51,192,Male
Gabriel,Edwards,44,144,Female
Mia,Hill,47,136,Female
Wyatt,Johnson,22,138,Male
Noah,Rogers,19,187,Male
Oliver,Adams,35,156,Female
Caden,Edwards,29,233,Female
Emily,Martin,51,109,Male
Dylan,Scott,58,116,Male
Layla,Torres,61,125,Male
Audrey,Wright,57,117,Female
Liam,Davis,28,228,Male
Eleanor,Campbell,39,169,Male
Audrey,Gonzalez,47,233,Male
Nathan,Jones,32,222,Male
Stella,Cook,44,119,Female
Zoey,White,67,167,Female
Cameron,Anderson,28,211,Female
Lucas,Morgan,66,111,Female
Jack,Nguyen,32,149,Female
Jack,Williams,59,126,Female
Aubrey,Taylor,49,133,Female
Connor,Stewart,32,129,Female
Lila,Moore,40,235,Female
Gabriel,Williams,53,143,Female
Harper,Nguyen,33,236,Male
Aubrey,Murphy,55,186,Male
Lillian,Davis,19,204,Male
Levi,Martinez,26,111,Female
Sebastian,Bailey,33,229,Male
Nicholas,Morris,24,164,Male
Nathan,Hall,22,180,Male
Leah,Lopez,38,175,Female
Nicholas,White,18,168,Male
Penelope,Campbell,48,247,Male
Hazel,Hall,35,221,Female
Grayson,Jones,18,135,Female
Jack,Flores,59,174,Female
Ellie,Taylor,41,185,Female
Caleb,Morgan,37,109,Female
Hazel,Davis,59,134,Male
Skylar,Ramirez,33,160,Male
Owen,Bailey,29,166,Female
Eli,White,54,229,Male
Noah,Brown,54,213,Female
William,Young,40,116,Male
Muhammad,King,35,207,Female
Mia,Phillips,20,162,Female
Gabriel,Lopez,34,146,Male
Bella,Morgan,40,202,Male
Addison,Turner,39,123,Male
Evelyn,Smith,32,178,Female
William,Smith,47,164,Female
Hannah,Cook,61,190,Male
Riley,Hall,19,204,Female
Hazel,Martinez,49,207,Male
Hazel,Rodriguez,39,174,Female
Sebastian,Reed,57,114,Female
Dylan,Anderson,43,172,Male
Jacob,Smith,63,173,Female
Grace,Robinson,58,218,Female
Stella,Martin,51,148,Female
Addison,Jackson,39,107,Male
Ethan,Thompson,31,187,Male
Isabella,Rivera,50,106,Female
Skylar,Ramirez,59,107,Male
Nicholas,Peterson,64,155,Female
Lucas,Moore,38,237,Female
David,Bailey,50,114,Female
Riley,Hall,45,242,Female
Logan,Howard,57,242,Male
Bella,Williams,55,165,Male
Aiden,Edwards,59,133,Female
Aubrey,Sanchez,49,214,Male
Aria,Collins,29,190,Male
Muhammad,Nelson,62,189,Male
Sophia,Smith,25,142,Female
Madison,Wilson,39,181,Female
Luke,Perez,20,193,Female
Ellie,Martin,53,242,Female
Skylar,Cook,32,140,Female
William,Bailey,23,213,Female
Nora,Hill,49,164,Female
Aiden,Clark,32,154,Female
Eleanor,Jackson,59,183,Male
David,Williams,55,126,Female
Luke,Murphy,36,141,Female
Aria,Jones,45,158,Female
Benjamin,Martin,58,206,Male
Charlotte,Gomez,18,117,Female
Chloe,Howard,68,200,Female
Alexander,Anderson,51,153,Male
Lillian,Ramirez,63,201,Female
Skylar,Wright,29,144,Female
Riley,Thompson,64,104,Female
Layla,Robinson,19,201,Male
Layla,White,22,243,Male
Isabella,Allen,59,218,Male
Carter,Lee,38,225,Female
William,Hill,32,115,Female
Wyatt,Collins,47,249,Male
Grace,Bell,30,150,Male
William,Baker,50,137,Male
Scarlett,Cook,28,205,Male
Matthew,Smith,61,116,Female
Henry,Thomas,34,113,Male
Grace,Johnson,51,229,Female
Audrey,Rivera,69,116,Male
Matthew,Rodriguez,57,244,Male
Evelyn,Edwards,56,217,Female
Dylan,Perez,30,180,Female
Cameron,Moore,35,153,Female
Liam,Evans,41,153,Male
Caleb,Kelly,25,106,Male
Elijah,Stewart,69,130,Male
Grace,Wilson,38,195,Female
Wyatt,Kelly,60,170,Male
Emily,Moore,63,242,Male
Grayson,Thompson,19,138,Male
Ethan,Lopez,49,104,Female
Brooklyn,Clark,29,102,Female
Jayden,Williams,65,216,Male
Brooklyn,Young,70,208,Female
David,Ramirez,34,124,Male
Muhammad,Parker,23,166,Female
Layla,Hill,29,176,Male
Nathan,Edwards,65,158,Male
Bella,Morgan,54,220,Female
Aubrey,Lopez,45,160,Female
Daniel,Taylor,53,217,Male
Wyatt,Adams,47,185,Female
Sophia,Evans,48,244,Male
Nicholas,Martin,33,122,Female
Mason,Scott,53,122,Male
Avery,Miller,50,189,Male
Ethan,Hill,34,205,Male
Nicholas,Nguyen,32,179,Male
William,Evans,23,113,Female
Henry,Allen,50,147,Male
Jayce,Adams,54,139,Female
Grace,Lewis,48,152,Male
Camila,Hall,19,158,Female
Scarlett,Hall,34,180,Male
Oliver,Roberts,65,105,Female
Abigail,Moore,24,176,Female
Charlotte,Turner,45,136,Female
Hazel,Lee,44,126,Male
Riley,Reed,25,166,Female
Grayson,Thomas,20,110,Male
James,Johnson,25,226,Female
Liam,Lewis,29,242,Male
Benjamin,Anderson,28,185,Female
Benjamin,Baker,33,246,Female
Skylar,Kelly,60,113,Male
Logan,Carter,48,119,Male
Addison,Rivera,66,222,Female
Caden,Phillips,36,167,Male
Henry,Hall,44,222,Female
Eli,Taylor,58,196,Female
Brooklyn,Phillips,53,227,Male
Julian,Davis,40,244,Male
Julian,Bailey,45,243,Female
Evelyn,Robinson,49,236,Male
Matthew,Phillips,20,145,Male
Claire,Morris,51,132,Female
Isabella,Wilson,35,188,Female
Jacob,Baker,52,170,Male
Noah,Morris,61,240,Female
Mason,Gomez,48,189,Male
Madison,Garcia,25,140,Male
Nicholas,Lee,60,124,Female
Mason,Cooper,49,135,Male
Harper,Morgan,28,212,Female
Sophia,Morris,27,218,Male
Camila,Allen,49,119,Male
Claire,Gonzalez,40,138,Female
Savannah,Bailey,43,174,Male
Chloe,Morgan,61,104,Female
Owen,Parker,27,197,Female
Grayson,Brown,55,181,Male
Muhammad,Bailey,41,205,Female
Matthew,Parker,51,217,Female
Cameron,Green,70,109,Female
Aurora,Morris,61,116,Male
Jayden,Reed,62,111,Male
Gabriel,Lewis,65,239,Female
Jayden,Collins,63,233,Male
Isaiah,King,54,133,Male
Camila,Martinez,61,191,Female
Logan,Peterson,65,108,Male
Ryan,Gomez,24,103,Female
Madison,Hall,47,201,Male
Chloe,Sanchez,63,137,Female
Zoey,Williams,22,222,Male
Leah,Sanchez,45,159,Female
Oliver,Murphy,22,159,Female
Abigail,Stewart,22,120,Male
Mason,Bailey,50,197,Male
Noah,Rivera,60,198,Female
Lillian,Murphy,19,228,Female
Abigail,White,68,184,Male
Carter,Harris,23,126,Female
Stella,Bailey,58,204,Male
Eleanor,Moore,48,153,Male
Dylan,Brown,39,109,Male
James,Smith,70,240,Male
Addison,Allen,29,188,Male
Jack,Kelly,64,126,Male
Cameron,Robinson,19,210,Female
Jacob,Thompson,51,190,Male
Madison,Turner,70,235,Male
Gabriel,Wright,63,246,Female
Bella,Flores,44,225,Female
Landon,Flores,59,131,Female
Eleanor,Thomas,66,192,Male
Audrey,Rivera,39,227,Male
Layla,Nelson,26,129,Female
Addison,Morris,68,160,Male
Gabriel,Edwards,67,184,Female
Lily,Adams,60,150,Male
Aurora,Evans,55,158,Male
Levi,King,68,127,Male
Zoe,Moore,32,176,Female
Harper,Jackson,46,167,Male
Grayson,Allen,39,134,Male
Henry,Nguyen,31,125,Female
Isaiah,Nelson,42,181,Female
Ethan,Taylor,35,206,Male
Sophia,Collins,41,203,Male
Victoria,Roberts,56,194,Female
Amelia,Scott,58,186,Male
Isaiah,King,47,198,Female
Gabriel,Roberts,26,178,Female
Liam,Phillips,40,236,Male
Aiden,Rivera,67,186,Female
Michael,Turner,57,243,Male
Elijah,Williams,48,237,Male
Michael,Moore,63,126,Male
Abigail,Robinson,30,191,Female
Muhammad,Murphy,38,165,Female
Isaac,Sanchez,68,216,Male
Victoria,Turner,62,249,Female
Chloe,Morris,37,110,Male
Gabriel,Rogers,35,140,Male
Daniel,Reed,55,136,Female
Hazel,Brown,64,100,Female
Aubrey,Taylor,33,250,Male
David,Hernandez,22,181,Female
Sebastian,Kelly,18,169,Male
Hannah,Hill,22,200,Female
Owen,Green,69,225,Male
Sebastian,Miller,52,110,Female
Liam,Morris,21,226,Male
Lillian,Wilson,43,104,Female
Luke,Nguyen,22,131,Female
David,Cooper,69,219,Male
Elijah,Smith,51,169,Male
Lily,Allen,62,246,Male
Wyatt,Lewis,37,100,Female
Hannah,Perez,63,133,Female
Zoe,Parker,60,206,Female
Lily,Bell,40,223,Female
Michael,Baker,19,115,Female
Carter,Allen,18,116,Female
Mia,Rivera,68,236,Male
Hannah,Walker,66,230,Male
Matthew,Brown,29,234,Male
Isabella,Morris,63,208,Female
Owen,Stewart,23,216,Female
Jayden,Morris,39,225,Male
Caden,Kelly,56,203,Female
Riley,Cooper,32,220,Male
Savannah,Martin,48,231,Male
Aiden,Jones,68,248,Female
Ethan,Stewart,54,143,Female
Liam,Howard,46,123,Male
Violet,Gonzalez,46,139,Male
Alexander,Campbell,47,103,Female
Henry,Miller,49,146,Male
Caleb,Baker,51,248,Male
Skylar,Hill,62,238,Female
Lila,Robinson,36,105,Female
Nicholas,Sanchez,68,186,Female
Ava,Collins,51,176,Female
Violet,Martin,67,209,Female
Leah,Smith,70,111,Female
William,Hall,23,233,Male
Ellie,Garcia,38,175,Male
Logan,White,45,168,Female
Muhammad,King,56,126,Male
Scarlett,Reed,51,229,Female
Liam,Thompson,21,155,Female
Abigail,Martinez,40,116,Female
Charlotte,Sanchez,43,199,Male
Caleb,Lewis,64,190,Male
Amelia,Bailey,49,178,Female
Addison,Johnson,62,192,Male
Claire,King,70,168,Male
Sophia,Morris,41,222,Male
Ava,Howard,53,133,Female
Emily,Morgan,68,190,Female
Owen,Hill,55,103,Female
Henry,Bailey,19,129,Female
William,Campbell,41,146,Male
Hazel,Williams,36,174,Male
Harper,Martinez,59,243,Female
Ryan,Turner,37,139,Female
Scarlett,Harris,26,138,Female
Muhammad,Morris,67,150,Female
Aurora,Jackson,45,234,Female
Grayson,Miller,36,211,Male
Stella,Gonzalez,67,128,Male
Camila,Robinson,37,151,Male
Lily,Collins,38,177,Male
Lucas,Garcia,24,250,Female
Violet,Allen,67,224,Male
Nathan,Hill,25,221,Male
Sebastian,Howard,48,187,Male
Henry,Bell,32,222,Female
Addison,Lewis,37,208,Female
Luke,Flores,32,190,Female
Skylar,Lee,66,158,Male
Elijah,Stewart,23,210,Female
Isabella,Wilson,26,240,Female
Jayce,Davis,45,106,Male
Mia,Robinson,30,133,Male
Michael,Rivera,56,231,Female
James,Wilson,31,246,Male
Victoria,Thomas,64,139,Male
Amelia,Edwards,53,177,Male
Leah,Peterson,66,133,Female
Muhammad,Adams,46,138,Female
Dylan,Mitchell,62,172,Male
Matthew,Anderson,69,118,Female
Owen,Rogers,30,106,Male
Layla,Lewis,22,225,Female
Hannah,Lopez,40,205,Male
Zoe,Rivera,43,230,Male
Isaac,Sanchez,35,130,Male
Madison,Carter,29,230,Female
Eli,Brown,45,138,Female
Aurora,Martin,42,198,Male
Owen,Green,55,118,Female
Avery,Kelly,43,239,Female
Jayce,Howard,34,212,Male
Mia,Murphy,61,187,Female
James,Collins,53,135,Male
Connor,Reed,53,203,Male
William,Turner,36,195,Female
Alexander,Mitchell,54,153,Male
Avery,Baker,31,124,Male
Matthew,Turner,32,112,Male
Luke,Moore,69,141,Female
Violet,Cooper,63,178,Male
Oliver,Nguyen,43,170,Female
Layla,Cooper,69,247,Male
Aria,Martin,66,205,Male
Isaiah,Parker,23,107,Male
Muhammad,Collins,66,223,Female
Michael,Phillips,42,188,Male
Eleanor,Thomas,66,166,Male
Lily,Scott,50,100,Female
Cameron,Thompson,50,248,Female
Daniel,Edwards,64,190,Male
Isaiah,Morgan,59,115,Female
Daniel,Taylor,23,122,Male
Aurora,Johnson,46,131,Male
Aurora,Phillips,46,138,Male
Charlotte,Bailey,67,154,Male
Riley,Smith,70,161,Male
Daniel,Hall,63,240,Male
Violet,Bell,18,148,Male
Michael,Martin,42,223,Male
Lila,Walker,45,198,Female
Lucas,Walker,53,138,Male
Mia,Mitchell,62,174,Female
Natalie,Allen,44,245,Male
Caden,Harris,51,114,Male
Isabella,Reed,37,189,Female
Eleanor,Miller,24,118,Male
Lillian,Morris,23,231,Female
David,Hernandez,51,197,Male
Addison,Miller,36,225,Female
Violet,White,65,106,Female
Henry,Roberts,47,184,Female
